B00902039,36320133
b01902025,nzqrc
b01902105,yubCOD
b02902003,to405011
B02902115,shukujo
B03204032,aabb15768
b03703026,HY-Wong
b03902075,s10109670
B04401036,JuienLo
b04401068,b04401068
b04501095,wayne1204
b04502008,b04502008
B04502017,natasha1007
b04502041,rayacers
b04502138,b04502138
b04703078,HcwXd
b04901019,liangshuche
b04901110,rr999888tw
b04902035,asgyk5001
b04902058,wohchowshy
B04902107,jianda87
b04902127,rsalinas94
B04902129,james88878@yahoo.com.tw
b05203047,iceage1001
B05303003,ray0801866
b05502087,shiannn
B05701244,rezoy0012
b05902011,slimykat
b05902023,b05902023
B05902025,b05902025
b05902034,b05902034
B05902070,fatsheep0928
b05902078,tim777000
b05902082,kabronifer
b05902084,fei1017
b05902085,genji-hanzo
b05902091,steven0402
B05902099,navenoc13
B05902107,ELANTRISEDO
B05902110,allenhung1025
B05902112,nathanjonjon
b05902123,b05902123
B05902131,jordanlin727
B05902135,tsaodingtw
b06501051,isaswa
b06502149,haribo0915
b06705057,jimmycsie
B06901031,yth98
b06902001,andy94077
b06902003,asdb7b78
B06902005,YihuaSang
B06902007,meow87wang
B06902009,jafwe
b06902011,EthanChen0418
B06902013,G1VEM1ACHANCE
B06902017,hc07180011
b06902019,lazysins
B06902023,lin9999
b06902025,b06902025
B06902029,jimpei8989
B06902031,wxr031@github.com
b06902033,B06902033
B06902037,b06902037
B06902039,chiabhoward
B06902041,rubyansel
B06902042,kevinliu726
b06902043,freshman0213
b06902045,kimnai862
b06902047,b06902047
B06902049,devin6011
B06902051,LuYuCheng@protonmail.com
B06902053,cwg50805
B06902055,Iam88Justin
b06902057,s21543775
B06902059,DylanHIJ
b06902061,b06902061
b06902063,b06902063
B06902065,YaChaMi
B06902067,d768092
b06902069,sam880222
B06902071,whattheworld44
b06902073,mrchang87
b06902075,b06902075
B06902077,kser000
B06902081,aeolus1018
b06902087,WhoIsB
b06902091,yingying0906
B06902093,wangyenjen
B06902097,howard41436
B06902103,ShengSiangYin
b06902105,getFaster
b06902107,b06902107
b06902109,agritite
B06902111,Ching-Chu-Lin
B06902113,ko870903
B06902115,b06902115
B06902117,KaoShengChieh
B06902119,ChangOliver
b06902121,johnson880319
b06902123,alan0823666
B06902125,joe0123
B06902127,RenKaiZheng
B06902129,kevin0616
B06902131,show50726
B06902135,iluntsai99
F03922104,HobeXD
r05921034,r05921034
r06922077,whoopeedeedoo
